benchmark,algorithm,best,mean,std
synthetic_50,GA,131860.0,134192.4,1527.6415940920174
synthetic_50,NSGA2,126540.0,127300.0,1665.076574815705
synthetic_100,GA,241893.0,250121.3,3644.9731974323213
synthetic_100,NSGA2,235314.0,247861.0,6619.469283862567
ami33,GA,1310309.0,1316723.1,10880.459654352842
ami33,NSGA2,1296295.0,1306104.8,6422.021578911114
ami49,GA,40431468.0,41378794.8,994003.6764681306
ami49,NSGA2,40340916.0,40422412.8,27165.6
