benchmark,H,p_value
synthetic_50,14.885179017485417,0.00011425715179735839
synthetic_100,0.1782170542635702,0.6729099743905884
ami33,5.680344827586205,0.017155995708656217
ami49,9.754431599229282,0.0017889094539903995
